Rank,Player,Team,Salary_USD,Season
1,Stephen Curry,Golden State Warriors,55761216,2024-25
2,Joel Embiid,Philadelphia 76ers,51415938,2024-25
3,Nikola Jokic,Denver Nuggets,51415938,2024-25
4,Kevin Durant,Phoenix Suns,51179021,2024-25
5,Bradley Beal,Phoenix Suns,50203930,2024-25
6,Kawhi Leonard,LA Clippers,49350000,2024-25
7,Devin Booker,Phoenix Suns,49205800,2024-25
8,Paul George,Philadelphia 76ers,49205800,2024-25
9,Karl-Anthony Towns,New York Knicks,49205800,2024-25
10,Jaylen Brown,Boston Celtics,49205800,2024-25
11,Jimmy Butler III,Golden State Warriors,48798677,2024-25
12,Giannis Antetokounmpo,Milwaukee Bucks,48787676,2024-25
13,Damian Lillard,Milwaukee Bucks,48787676,2024-25
14,LeBron James,Los Angeles Lakers,48728845,2024-25
15,Zach LaVine,Sacramento Kings,44531940,2024-25
16,Rudy Gobert,Minnesota Timberwolves,43827587,2024-25
17,Anthony Davis,Dallas Mavericks,43219440,2024-25
18,Luka Doncic,Los Angeles Lakers,43031940,2024-25
19,Trae Young,Atlanta Hawks,43031940,2024-25
20,Fred VanVleet,Houston Rockets,42846615,2024-25
21,Lauri Markkanen,Utah Jazz,42176400,2024-25
22,Anthony Edwards,Minnesota Timberwolves,42176400,2024-25
23,Tyrese Haliburton,Indiana Pacers,42176000,2024-25
24,Pascal Siakam,Indiana Pacers,42176000,2024-25
25,Kyrie Irving,Dallas Mavericks,41000000,2024-25
26,Domantas Sabonis,Sacramento Kings,40500000,2024-25
27,Ja Morant,Memphis Grizzlies,36725670,2024-25
28,Darius Garland,Cleveland Cavaliers,36725670,2024-25
29,Zion Williamson,New Orleans Pelicans,36725670,2024-25
30,OG Anunoby,New York Knicks,36637931,2024-25
31,Brandon Ingram,New Orleans Pelicans,36016200,2024-25
32,Jamal Murray,Denver Nuggets,36016200,2024-25
33,Shai Gilgeous-Alexander,Oklahoma City Thunder,35859950,2024-25
34,Michael Porter Jr.,Denver Nuggets,35859950,2024-25
35,Donovan Mitchell,Cleveland Cavaliers,35410310,2024-25
36,LaMelo Ball,Charlotte Hornets,35147000,2024-25
37,Tyrese Maxey,Philadelphia 76ers,35147000,2024-25
38,De'Aaron Fox,San Antonio Spurs,34848340,2024-25
39,Bam Adebayo,Miami Heat,34848340,2024-25
40,Jayson Tatum,Boston Celtics,34848340,2024-25
41,Desmond Bane,Memphis Grizzlies,34005250,2024-25
42,Deandre Ayton,Portland Trail Blazers,34005126,2024-25
43,James Harden,LA Clippers,33653846,2024-25
44,CJ McCollum,New Orleans Pelicans,33333333,2024-25
45,Julius Randle,Minnesota Timberwolves,33073920,2024-25
46,Immanuel Quickley,Toronto Raptors,32500000,2024-25
47,Khris Middleton,Washington Wizards,31666676,2024-25
48,Isaiah Hartenstein,Oklahoma City Thunder,30000000,2024-25
49,Jrue Holiday,Boston Celtics,30000000,2024-25
50,Jerami Grant,Portland Trail Blazers,29793104,2024-25
51,Jordan Poole,Washington Wizards,29651786,2024-25
52,Dejounte Murray,New Orleans Pelicans,29535801,2024-25
53,Devin Vassell,San Antonio Spurs,29347826,2024-25
54,Kristaps Porzingis,Boston Celtics,29268293,2024-25
55,Tyler Herro,Miami Heat,29000000,2024-25
56,Nic Claxton,Brooklyn Nets,27556817,2024-25
57,Miles Bridges,Charlotte Hornets,27173913,2024-25
58,John Collins,Utah Jazz,26580000,2024-25
59,Andrew Wiggins,Miami Heat,26276786,2024-25
60,Anfernee Simons,Portland Trail Blazers,25892857,2024-25
61,RJ Barrett,Toronto Raptors,25794643,2024-25
62,Tobias Harris,Detroit Pistons,25365854,2024-25
63,Jaren Jackson Jr.,Memphis Grizzlies,25257798,2024-25
64,Jonathan Isaac,Orlando Magic,25000000,2024-25
65,Jalen Brunson,New York Knicks,24960001,2024-25
66,Terry Rozier,Miami Heat,24924126,2024-25
67,Draymond Green,Golden State Warriors,24107143,2024-25
68,DeMar DeRozan,Sacramento Kings,23400000,2024-25
69,Mikal Bridges,New York Knicks,23300000,2024-25
70,Jaden McDaniels,Minnesota Timberwolves,23017242,2024-25
71,Brook Lopez,Milwaukee Bucks,23000000,2024-25
72,Bruce Brown,New Orleans Pelicans,23000000,2024-25
73,Aaron Gordon,Denver Nuggets,22841455,2024-25
74,Kentavious Caldwell-Pope,Orlando Magic,22757000,2024-25
75,Malcolm Brogdon,Washington Wizards,22500000,2024-25
76,Cameron Johnson,Brooklyn Nets,22500000,2024-25
77,Kyle Kuzma,Milwaukee Bucks,22410605,2024-25
78,Clint Capela,Atlanta Hawks,22265280,2024-25
79,Dillon Brooks,Houston Rockets,22255493,2024-25
80,De'Andre Hunter,Cleveland Cavaliers,21696429,2024-25
81,Lonzo Ball,Chicago Bulls,21395348,2024-25
82,Marcus Smart,Washington Wizards,20210285,2024-25
83,Derrick White,Boston Celtics,20017429,2024-25
84,Jarrett Allen,Cleveland Cavaliers,20000000,2024-25
85,Nikola Vucevic,Chicago Bulls,20000000,2024-25
86,Myles Turner,Indiana Pacers,19928500,2024-25
87,Jakob Poeltl,Toronto Raptors,19500000,2024-25
88,Duncan Robinson,Miami Heat,19406000,2024-25
89,Norman Powell,LA Clippers,19241379,2024-25
90,Bojan Bogdanovic,Brooklyn Nets,19032850,2024-25
91,Keldon Johnson,San Antonio Spurs,19000000,2024-25
92,D'Angelo Russell,Brooklyn Nets,18692307,2024-25
93,Patrick Williams,Chicago Bulls,18500000,2024-25
94,Collin Sexton,Utah Jazz,18350000,2024-25
95,Josh Hart,New York Knicks,18144000,2024-25
96,Jusuf Nurkic,Charlotte Hornets,18125000,2024-25
97,Harrison Barnes,San Antonio Spurs,18000000,2024-25
98,Malik Monk,Sacramento Kings,17405202,2024-25
99,Bogdan Bogdanovic,LA Clippers,17260000,2024-25
100,Rui Hachimura,Los Angeles Lakers,17000000,2024-25
101,Kevin Huerter,Chicago Bulls,16830357,2024-25
102,Zach Collins,Chicago Bulls,16741200,2024-25
103,Caris LeVert,Atlanta Hawks,16615384,2024-25
104,Luguentz Dort,Oklahoma City Thunder,16500000,2024-25
105,Tim Hardaway Jr.,Detroit Pistons,16193183,2024-25
106,Davis Bertans,Charlotte Hornets,16000000,2024-25
107,Klay Thompson,Dallas Mavericks,15873016,2024-25
108,Deni Avdija,Portland Trail Blazers,15625000,2024-25
109,Grayson Allen,Phoenix Suns,15625000,2024-25
110,P.J. Washington,Dallas Mavericks,15500000,2024-25
111,Max Strus,Cleveland Cavaliers,15212068,2024-25
112,Isaiah Stewart,Detroit Pistons,15000000,2024-25
113,Dorian Finney-Smith,Los Angeles Lakers,14924168,2024-25
114,Mitchell Robinson,New York Knicks,14318182,2024-25
115,Jordan Clarkson,Utah Jazz,14092577,2024-25
116,Onyeka Okongwu,Atlanta Hawks,14000000,2024-25
117,Naz Reid,Minnesota Timberwolves,13986432,2024-25
118,Cade Cunningham,Detroit Pistons,13940658,2024-25
119,Daniel Gafford,Dallas Mavericks,13394160,2024-25
120,Grant Williams,Charlotte Hornets,13025250,2024-25
121,Dennis Schroder,Detroit Pistons,13025250,2024-25
122,Isaiah Joe,Oklahoma City Thunder,12991650,2024-25
123,Austin Reaves,Los Angeles Lakers,12976362,2024-25
124,Herbert Jones,New Orleans Pelicans,12976362,2024-25
125,Obi Toppin,Indiana Pacers,12946429,2024-25
126,Cole Anthony,Orlando Magic,12900000,2024-25
127,De'Anthony Melton,Golden State Warriors,12822000,2024-25
128,Kelly Olynyk,New Orleans Pelicans,12804878,2024-25
129,Victor Wembanyama,San Antonio Spurs,12768960,2024-25
130,Josh Green,Charlotte Hornets,12654321,2024-25
131,Devonte' Graham,Portland Trail Blazers,12650000,2024-25
132,Richaun Holmes,Washington Wizards,12648321,2024-25
133,Steven Adams,Houston Rockets,12600000,2024-25
134,Bobby Portis,Milwaukee Bucks,12578286,2024-25
135,Zaccharie Risacher,Atlanta Hawks,12569040,2024-25
136,Marvin Bagley III,Memphis Grizzlies,12500000,2024-25
137,Brandon Clarke,Memphis Grizzlies,12500000,2024-25
138,Jalen Green,Houston Rockets,12483048,2024-25
139,Robert Williams III,Portland Trail Blazers,12428571,2024-25
140,Paolo Banchero,Orlando Magic,12160800,2024-25
141,Coby White,Chicago Bulls,12000000,2024-25
142,Wendell Carter Jr.,Orlando Magic,11950000,2024-25
143,Ivica Zubac,LA Clippers,11743210,2024-25
144,Donte DiVincenzo,Minnesota Timberwolves,11445000,2024-25
145,Brandon Miller,Charlotte Hornets,11424600,2024-25
146,Terance Mann,Atlanta Hawks,11423077,2024-25
147,Alex Sarr,Washington Wizards,11245680,2024-25
148,Evan Mobley,Cleveland Cavaliers,11227809,2024-25
149,Larry Nance Jr.,Atlanta Hawks,11205000,2024-25
150,Matisse Thybulle,Portland Trail Blazers,11025160,2024-25
151,Moritz Wagner,Orlando Magic,11000000,2024-25
152,Gabe Vincent,Los Angeles Lakers,11000000,2024-25
153,Maxi Kleber,Dallas Mavericks,11000000,2024-25
154,Aaron Nesmith,Indiana Pacers,11000000,2024-25
155,Chet Holmgren,Oklahoma City Thunder,10880640,2024-25
156,Chris Boucher,Toronto Raptors,10810000,2024-25
157,Jarred Vanderbilt,Los Angeles Lakers,10714286,2024-25
158,Aaron Wiggins,Oklahoma City Thunder,10514017,2024-25
159,Chris Paul,San Antonio Spurs,10460000,2024-25
160,Scoot Henderson,Portland Trail Blazers,10259160,2024-25
161,Isaac Okoro,Cleveland Cavaliers,10185185,2024-25
162,Scottie Barnes,Toronto Raptors,10130980,2024-25
163,Reed Sheppard,Houston Rockets,10098960,2024-25
164,Mike Conley,Minnesota Timberwolves,9975962,2024-25
165,Jonas Valanciunas,Sacramento Kings,9900000,2024-25
166,Alex Caruso,Oklahoma City Thunder,9890000,2024-25
167,Royce O'Neale,Phoenix Suns,9821429,2024-25
168,Jabari Smith Jr.,Houston Rockets,9770880,2024-25
169,Derrick Jones Jr.,LA Clippers,9523810,2024-25
170,Al Horford,Boston Celtics,9500000,2024-25
171,Pat Connaughton,Milwaukee Bucks,9423869,2024-25
172,T.J. McConnell,Indiana Pacers,9300000,2024-25
173,Luke Kennard,Memphis Grizzlies,9250000,2024-25
174,Amen Thompson,Houston Rockets,9249960,2024-25
175,Jalen Suggs,Orlando Magic,9188385,2024-25
176,Stephon Castle,San Antonio Spurs,9131760,2024-25
177,Gary Payton II,Golden State Warriors,9130000,2024-25
178,Tre Jones,Chicago Bulls,9104167,2024-25
179,Goga Bitadze,Orlando Magic,9057971,2024-25
180,Zeke Nnaji,Denver Nuggets,8888889,2024-25
181,Keegan Murray,Sacramento Kings,8809560,2024-25
182,Kyle Anderson,Miami Heat,8780488,2024-25
183,Buddy Hield,Golden State Warriors,8780488,2024-25
184,Naji Marshall,Dallas Mavericks,8571429,2024-25
185,Jalen Smith,Chicago Bulls,8571429,2024-25
186,Georges Niang,Atlanta Hawks,8500000,2024-25
187,Ausar Thompson,Detroit Pistons,8376000,2024-25
188,Josh Giddey,Chicago Bulls,8352367,2024-25
189,Josh Okogie,Charlotte Hornets,8250000,2024-25
190,Ronald Holland II,Detroit Pistons,8245320,2024-25
191,Caleb Martin,Dallas Mavericks,8149001,2024-25
192,Cody Martin,Phoenix Suns,8120000,2024-25
193,Trey Lyles,Sacramento Kings,8000000,2024-25
194,Jock Landale,Houston Rockets,8000000,2024-25
195,Jeff Green,Houston Rockets,8000000,2024-25
196,Kevon Looney,Golden State Warriors,8000000,2024-25
197,Kelly Oubre Jr.,Philadelphia 76ers,7983000,2024-25
198,Jaden Ivey,Detroit Pistons,7977240,2024-25
199,KJ Martin,Utah Jazz,7975000,2024-25
200,Vasilije Micic,Phoenix Suns,7723000,2024-25
201,Simone Fontecchio,Detroit Pistons,7692308,2024-25
202,Jonathan Kuminga,Golden State Warriors,7636154,2024-25
203,Anthony Black,Orlando Magic,7607760,2024-25
204,Jae'Sean Tate,Houston Rockets,7565217,2024-25
205,Tidjane Salaun,Charlotte Hornets,7488720,2024-25
206,Bennedict Mathurin,Indiana Pacers,7245720,2024-25
207,Max Christie,Dallas Mavericks,7142857,2024-25
208,Franz Wagner,Orlando Magic,7007092,2024-25
209,Ayo Dosunmu,Chicago Bulls,7000000,2024-25
210,Bilal Coulibaly,Washington Wizards,6945240,2024-25
211,Nassir Little,Miami Heat,6750000,2024-25
212,Gary Harris,Orlando Magic,6730769,2024-25
213,Payton Pritchard,Boston Celtics,6696429,2024-25
214,Kenrich Williams,Oklahoma City Thunder,6669000,2024-25
215,Sasha Vezenkov,Toronto Raptors,6658536,2024-25
216,Shaedon Sharpe,Portland Trail Blazers,6614160,2024-25
217,Donovan Clingan,Portland Trail Blazers,6586440,2024-25
218,Jevon Carter,Chicago Bulls,6500000,2024-25
219,Davion Mitchell,Miami Heat,6451230,2024-25
220,Saddiq Bey,New Orleans Pelicans,6440678,2024-25
221,Jarace Walker,Indiana Pacers,6362520,2024-25
222,Rob Dillingham,Minnesota Timberwolves,6262920,2024-25
223,Dean Wade,Cleveland Cavaliers,6166667,2024-25
224,John Konchar,Memphis Grizzlies,6165000,2024-25
225,Ziaire Williams,Brooklyn Nets,6133005,2024-25
226,Dyson Daniels,Atlanta Hawks,6059520,2024-25
227,Precious Achiuwa,New York Knicks,6000000,2024-25
228,Malik Beasley,Detroit Pistons,6000000,2024-25
229,Chris Duarte,Chicago Bulls,5893768,2024-25
230,Taylor Hendricks,Utah Jazz,5848680,2024-25
231,Moses Moody,Golden State Warriors,5803269,2024-25
232,Zach Edey,Memphis Grizzlies,5756880,2024-25
233,Corey Kispert,Washington Wizards,5705888,2024-25
234,Jeremy Sochan,San Antonio Spurs,5570040,2024-25
235,Cason Wallace,Oklahoma City Thunder,5555880,2024-25
236,Cody Williams,Utah Jazz,5485080,2024-25
237,Alperen Sengun,Houston Rockets,5424654,2024-25
238,Johnny Davis,Washington Wizards,5291160,2024-25
239,Jett Howard,Orlando Magic,5278320,2024-25
240,Haywood Highsmith,Miami Heat,5200000,2024-25
241,Matas Buzelis,Chicago Bulls,5195520,2024-25
242,Kris Dunn,LA Clippers,5168000,2024-25
243,Dario Saric,Denver Nuggets,5168000,2024-25
244,Trey Murphy III,New Orleans Pelicans,5159855,2024-25
245,Ousmane Dieng,Oklahoma City Thunder,5027040,2024-25
246,Dereck Lively II,Dallas Mavericks,5014560,2024-25
247,Nick Richards,Phoenix Suns,5000000,2024-25
248,Andre Drummond,Philadelphia 76ers,5000000,2024-25
249,Drew Eubanks,LA Clippers,5000000,2024-25
250,Nikola Topic,Oklahoma City Thunder,4935960,2024-25
251,Tre Mann,Charlotte Hornets,4908189,2024-25
252,Jalen Williams,Oklahoma City Thunder,4775760,2024-25
253,Gradey Dick,Toronto Raptors,4763760,2024-25
254,Jalen McDaniels,Washington Wizards,4741800,2024-25
255,Miles McBride,New York Knicks,4710144,2024-25
256,Devin Carter,Sacramento Kings,4702800,2024-25
257,Nicolas Batum,LA Clippers,4668000,2024-25
258,Aaron Holiday,Houston Rockets,4668000,2024-25
259,Jalen Duren,Detroit Pistons,4536840,2024-25
260,Jordan Hawkins,New Orleans Pelicans,4525680,2024-25
261,Jalen Johnson,Atlanta Hawks,4510905,2024-25
262,Bub Carrington,Washington Wizards,4454880,2024-25
263,Isaiah Jackson,Indiana Pacers,4435381,2024-25
264,Nickeil Alexander-Walker,Minnesota Timberwolves,4312500,2024-25
265,Ochai Agbaji,Toronto Raptors,4310280,2024-25
266,Kobe Bufkin,Atlanta Hawks,4299000,2024-25
267,Quentin Grimes,Philadelphia 76ers,4296615,2024-25
268,Kel'el Ware,Miami Heat,4231800,2024-25
269,Bones Hyland,Minnesota Timberwolves,4158439,2024-25
270,Mark Williams,Charlotte Hornets,4094280,2024-25
271,Keyonte George,Utah Jazz,4084200,2024-25
272,Cam Thomas,Brooklyn Nets,4041249,2024-25
273,Jared McCain,Philadelphia 76ers,4032240,2024-25
274,Dwight Powell,Dallas Mavericks,4000000,2024-25
275,Day'Ron Sharpe,Brooklyn Nets,3989122,2024-25
276,Santi Aldama,Memphis Grizzlies,3960531,2024-25
277,Amir Coffey,LA Clippers,3938271,2024-25
278,AJ Griffin,Houston Rockets,3889920,2024-25
279,Jalen Hood-Schifino,Philadelphia 76ers,3879840,2024-25
280,Kevin Love,Miami Heat,3850000,2024-25
281,Dalton Knecht,Los Angeles Lakers,3819120,2024-25
282,Tari Eason,Houston Rockets,3695160,2024-25
283,Jaime Jaquez Jr.,Miami Heat,3685800,2024-25
284,Tristan da Silva,Orlando Magic,3628440,2024-25
285,Ja'Kobe Walter,Toronto Raptors,3565000,2024-25
286,Brandin Podziemski,Golden State Warriors,3519960,2024-25
287,Dalen Terry,Chicago Bulls,3510480,2024-25
288,Svi Mykhailiuk,Utah Jazz,3500000,2024-25
289,Cody Zeller,Houston Rockets,3500000,2024-25
290,Cam Whitmore,Houston Rockets,3379080,2024-25
291,Derrick Rose,Memphis Grizzlies,3356271,2024-25
292,Jake LaRavia,Sacramento Kings,3352680,2024-25
293,Jaylon Tyson,Cleveland Cavaliers,3326160,2024-25
294,Eric Gordon,Philadelphia 76ers,3303771,2024-25
295,Cory Joseph,Orlando Magic,3303771,2024-25
296,Russell Westbrook,Denver Nuggets,3303771,2024-25
297,Noah Clowney,Brooklyn Nets,3244080,2024-25
298,Malaki Branham,San Antonio Spurs,3217920,2024-25
299,Yves Missi,New Orleans Pelicans,3202560,2024-25
300,Dante Exum,Dallas Mavericks,3150000,2024-25
301,Dariq Whitehead,Brooklyn Nets,3114240,2024-25
302,Christian Braun,Denver Nuggets,3089640,2024-25
303,Johnny Juzang,Utah Jazz,3087519,2024-25
304,DaRon Holmes II,Denver Nuggets,3065640,2024-25
305,Josh Richardson,Miami Heat,3051153,2024-25
306,Christian Wood,Los Angeles Lakers,3036040,2024-25
307,Kyle Filipowski,Utah Jazz,3000000,2024-25
308,Ajay Mitchell,Oklahoma City Thunder,3000000,2024-25
309,Julian Champagnie,San Antonio Spurs,3000000,2024-25
310,Kris Murray,Portland Trail Blazers,2990040,2024-25
311,Walker Kessler,Utah Jazz,2965920,2024-25
312,Shake Milton,Los Angeles Lakers,2875000,2024-25
313,Olivier-Maxence Prosper,Dallas Mavericks,2869920,2024-25
314,David Roddy,Houston Rockets,2847240,2024-25
315,Torrey Craig,Boston Celtics,2845342,2024-25
316,Kyshawn George,Washington Wizards,2825520,2024-25
317,AJ Johnson,Washington Wizards,2795294,2024-25
318,Marcus Sasser,Detroit Pistons,2755080,2024-25
319,MarJon Beauchamp,New York Knicks,2733720,2024-25
320,Trendon Watford,Brooklyn Nets,2726603,2024-25
321,Ben Sheppard,Indiana Pacers,2663880,2024-25
322,Omer Yurtseven,Utah Jazz,2660000,2024-25
323,Keita Bates-Diop,Minnesota Timberwolves,2654644,2024-25
324,Blake Wesley,San Antonio Spurs,2624280,2024-25
325,Dillon Jones,Oklahoma City Thunder,2622360,2024-25
326,Nick Smith Jr.,Charlotte Hornets,2587200,2024-25
327,Brice Sensabaugh,Utah Jazz,2571480,2024-25
328,Ty Jerome,Cleveland Cavaliers,2560975,2024-25
329,Julian Strawther,Denver Nuggets,2552520,2024-25
330,Terrence Shannon Jr.,Minnesota Timberwolves,2546640,2024-25
331,Ryan Dunn,Phoenix Suns,2538240,2024-25
332,Wendell Moore Jr.,Charlotte Hornets,2537040,2024-25
333,Kobe Brown,LA Clippers,2533920,2024-25
334,Isaiah Collier,Utah Jazz,2520120,2024-25
335,Baylor Scheierman,Boston Celtics,2494320,2024-25
336,Nikola Jovic,Miami Heat,2464200,2024-25
337,Darius Bazley,Utah Jazz,2463946,2024-25
338,Jaxson Hayes,Los Angeles Lakers,2463946,2024-25
339,Cam Reddish,Los Angeles Lakers,2463946,2024-25
340,Patrick Baldwin Jr.,LA Clippers,2448840,2024-25
341,DaQuan Jeffries,Charlotte Hornets,2425204,2024-25
342,Tristan Vukcevic,Washington Wizards,2424892,2024-25
343,Peyton Watson,Denver Nuggets,2413560,2024-25
344,Aleksej Pokusevski,Charlotte Hornets,2273252,2024-25
345,Mamadi Diakite,Phoenix Suns,2273252,2024-25
346,Charlie Brown Jr.,Memphis Grizzlies,2237692,2024-25
347,James Wiseman,Indiana Pacers,2237691,2024-25
348,Anthony Gill,Washington Wizards,2237691,2024-25
349,Kevin Porter Jr.,Milwaukee Bucks,2237691,2024-25
350,Xavier Tillman,Boston Celtics,2237691,2024-25
351,Garrison Mathews,Atlanta Hawks,2230253,2024-25
352,Eugene Omoruyi,Toronto Raptors,2196970,2024-25
353,Dalano Banton,Portland Trail Blazers,2196970,2024-25
354,Jeff Dowtin Jr.,Philadelphia 76ers,2196970,2024-25
355,Lindy Waters III,Detroit Pistons,2196970,2024-25
356,Kai Jones,Dallas Mavericks,2196970,2024-25
357,Jeremiah Robinson-Earl,New Orleans Pelicans,2196970,2024-25
358,Sam Merrill,Cleveland Cavaliers,2164993,2024-25
359,Duane Washington Jr.,Charlotte Hornets,2162607,2024-25
360,Keon Johnson,Brooklyn Nets,2162606,2024-25
361,Luka Garza,Minnesota Timberwolves,2162606,2024-25
362,Neemias Queta,Boston Celtics,2162606,2024-25
363,Vit Krejci,Atlanta Hawks,2162606,2024-25
364,Vince Williams Jr.,Memphis Grizzlies,2120693,2024-25
365,A.J. Lawson,Toronto Raptors,2120693,2024-25
366,Colby Jones,Washington Wizards,2120693,2024-25
367,Keon Ellis,Sacramento Kings,2120693,2024-25
368,Kendall Brown,Boston Celtics,2120693,2024-25
369,AJ Green,Milwaukee Bucks,2120693,2024-25
370,Stanley Umude,Milwaukee Bucks,2120693,2024-25
371,E.J. Liddell,Chicago Bulls,2120693,2024-25
372,Jericho Sims,Milwaukee Bucks,2092344,2024-25
373,Sam Hauser,Boston Celtics,2092344,2024-25
374,Jay Huff,Memphis Grizzlies,2088033,2024-25
375,Seth Curry,Charlotte Hornets,2087519,2024-25
376,Taj Gibson,Charlotte Hornets,2087519,2024-25
377,Scotty Pippen Jr.,Memphis Grizzlies,2087519,2024-25
378,Bruno Fernando,Toronto Raptors,2087519,2024-25
379,Garrett Temple,Toronto Raptors,2087519,2024-25
380,Reggie Jackson,Philadelphia 76ers,2087519,2024-25
381,Daniel Theis,New Orleans Pelicans,2087519,2024-25
382,Charles Bassey,San Antonio Spurs,2087519,2024-25
383,Sandro Mamukelashvili,San Antonio Spurs,2087519,2024-25
384,Jordan McLaughlin,San Antonio Spurs,2087519,2024-25
385,Doug McDermott,Sacramento Kings,2087519,2024-25
386,Bol Bol,Phoenix Suns,2087519,2024-25
387,Tyus Jones,Phoenix Suns,2087519,2024-25
388,Monte Morris,Phoenix Suns,2087519,2024-25
389,Damion Lee,Phoenix Suns,2087519,2024-25
390,Mason Plumlee,Phoenix Suns,2087519,2024-25
391,Guerschon Yabusele,Philadelphia 76ers,2087519,2024-25
392,Kyle Lowry,Philadelphia 76ers,2087519,2024-25
393,Tyler Kolek,New York Knicks,2087519,2024-25
394,Delon Wright,New York Knicks,2087519,2024-25
395,Cameron Payne,New York Knicks,2087519,2024-25
396,PJ Dozier,Minnesota Timberwolves,2087519,2024-25
397,Joe Ingles,Minnesota Timberwolves,2087519,2024-25
398,Gary Trent Jr.,Milwaukee Bucks,2087519,2024-25
399,Taurean Prince,Milwaukee Bucks,2087519,2024-25
400,Alec Burks,Miami Heat,2087519,2024-25
401,Markieff Morris,Los Angeles Lakers,2087519,2024-25
402,Patty Mills,LA Clippers,2087519,2024-25
403,Thomas Bryant,Indiana Pacers,2087519,2024-25
404,James Johnson,Indiana Pacers,2087519,2024-25
405,Vlatko Cancar,Denver Nuggets,2087519,2024-25
406,DeAndre Jordan,Denver Nuggets,2087519,2024-25
407,Spencer Dinwiddie,Dallas Mavericks,2087519,2024-25
408,Tristan Thompson,Cleveland Cavaliers,2087519,2024-25
409,Talen Horton-Tucker,Chicago Bulls,2087519,2024-25
410,Mo Bamba,New Orleans Pelicans,2087519,2024-25
411,Luke Kornet,Boston Celtics,2087519,2024-25
412,Duop Reath,Portland Trail Blazers,2048780,2024-25
413,Jaylin Williams,Oklahoma City Thunder,2019699,2024-25
414,Bryce McGowens,Portland Trail Blazers,2019699,2024-25
415,Jabari Walker,Portland Trail Blazers,2019699,2024-25
416,Josh Minott,Minnesota Timberwolves,2019699,2024-25
417,Andrew Nembhard,Indiana Pacers,2019699,2024-25
418,Jaden Hardy,Dallas Mavericks,2019699,2024-25
419,Caleb Houstan,Orlando Magic,2019693,2024-25
420,JT Thor,Washington Wizards,1988598,2024-25
421,Jose Alvarado,New Orleans Pelicans,1988598,2024-25
422,Matt Ryan,New York Knicks,1919558,2024-25
423,Mouhamed Gueye,Atlanta Hawks,1891858,2024-25
424,GG Jackson,Memphis Grizzlies,1891857,2024-25
425,Javon Freeman-Liberty,Toronto Raptors,1891857,2024-25
426,Rayan Rupert,Portland Trail Blazers,1891857,2024-25
427,Sidy Cissoko,Portland Trail Blazers,1891857,2024-25
428,Toumani Camara,Portland Trail Blazers,1891857,2024-25
429,Ricky Council IV,Philadelphia 76ers,1891857,2024-25
430,Maxwell Lewis,Brooklyn Nets,1891857,2024-25
431,Jalen Wilson,Brooklyn Nets,1891857,2024-25
432,Leonard Miller,Minnesota Timberwolves,1891857,2024-25
433,Chris Livingston,Milwaukee Bucks,1891857,2024-25
434,Andre Jackson Jr.,Milwaukee Bucks,1891857,2024-25
435,Gui Santos,Golden State Warriors,1891857,2024-25
436,Trayce Jackson-Davis,Golden State Warriors,1891857,2024-25
437,Jalen Pickett,Denver Nuggets,1891857,2024-25
438,Hunter Tyson,Denver Nuggets,1891857,2024-25
439,Craig Porter Jr.,Cleveland Cavaliers,1891857,2024-25
440,Julian Phillips,Chicago Bulls,1891857,2024-25
441,Onuralp Bitim,Chicago Bulls,1891857,2024-25
442,Jordan Walsh,Boston Celtics,1891857,2024-25
443,Jonathan Mogbo,Toronto Raptors,1862265,2024-25
444,Jamal Shead,Toronto Raptors,1862265,2024-25
445,Johnny Furphy,Indiana Pacers,1850842,2024-25
446,Pacome Dadiet,New York Knicks,1808080,2024-25
447,Justin Champagnie,Washington Wizards,1800000,2024-25
448,Jae Crowder,Sacramento Kings,1655619,2024-25
449,Paul Reed,Detroit Pistons,1427671,2024-25
450,Karlo Matkovic,New Orleans Pelicans,1407153,2024-25
451,Landry Shamet,New York Knicks,1343690,2024-25
452,Bobi Klintman,Detroit Pistons,1257153,2024-25
453,Jaylen Wells,Memphis Grizzlies,1157153,2024-25
454,Oso Ighodaro,Phoenix Suns,1157153,2024-25
455,Adem Bona,Philadelphia 76ers,1157153,2024-25
456,Tyler Smith,Milwaukee Bucks,1157153,2024-25
457,Bronny James,Los Angeles Lakers,1157153,2024-25
458,Cam Christie,LA Clippers,1157153,2024-25
459,Antonio Reeves,New Orleans Pelicans,1157153,2024-25
460,Pelle Larsson,Miami Heat,1157143,2024-25
461,Ariel Hukporti,New York Knicks,1064558,2024-25
462,Jordan Miller,LA Clippers,1050000,2024-25
463,Jamison Battle,Toronto Raptors,1000000,2024-25
464,Branden Carlson,Oklahoma City Thunder,990895,2024-25
465,Moussa Diabate,Charlotte Hornets,957763,2024-25
466,Lonnie Walker IV,Philadelphia 76ers,780932,2024-25
467,Ben Simmons,LA Clippers,755826,2024-25
468,Jared Butler,Philadelphia 76ers,745726,2024-25
469,Alex Len,Los Angeles Lakers,743829,2024-25
470,Markelle Fultz,Sacramento Kings,731831,2024-25
471,Keshad Johnson,Miami Heat,724883,2024-25
472,Tyrese Martin,Brooklyn Nets,635853,2024-25
473,Jaden Springer,Utah Jazz,634437,2024-25
474,Javonte Green,Cleveland Cavaliers,599862,2024-25
475,Brandon Boston,New Orleans Pelicans,596581,2024-25
476,Nate Williams,Houston Rockets,515881,2024-25
477,Bismack Biyombo,San Antonio Spurs,503884,2024-25
478,Orlando Robinson,Toronto Raptors,491887,2024-25
479,Ryan Rollins,Milwaukee Bucks,491887,2024-25
480,Dominick Barlow,Atlanta Hawks,491887,2024-25
481,Quinten Post,Golden State Warriors,438920,2024-25
482,Pat Spencer,Golden State Warriors,438810,2024-25
483,Jaylen Clark,Minnesota Timberwolves,429323,2024-25
484,Justin Edwards,Philadelphia 76ers,425619,2024-25
485,Lamar Stevens,Memphis Grizzlies,383912,2024-25
486,Tony Bradley,Indiana Pacers,330394,2024-25
487,Kevin Knox II,Golden State Warriors,263939,2024-25
488,P.J. Tucker,New York Knicks,246833,2024-25
489,Jordan Goodwin,Los Angeles Lakers,223718,2024-25
490,Isaac Jones,Sacramento Kings,152957,2024-25
491,Drew Timme,Brooklyn Nets,113055,2024-25
